{"cameraMode":{"drawMode":0,"name":"Shaded","section":"Shading Mode"},"sceneLighting":true,"audioPlay":false,"sceneViewState":{"m_AlwaysRefresh":false,"showFog":true,"showSkybox":true,"showFlares":true,"showImageEffects":true,"showParticleSystems":true,"showVisualEffectGraphs":true,"m_FxEnabled":false},"in2DMode":false,"pivot":{"x":2.674595355987549,"y":-51.23981475830078,"z":91.31901550292969},"rotation":{"x":0.7857410907745361,"y":0.0020458553917706014,"z":-0.002607229631394148,"w":0.6185505986213684},"size":117.42264556884766,"orthographic":true}